productImage,productName,productID,productCategory,productPrice,productDescription,,.
https://cdna.pcpartpicker.com/static/forever/images/product/3ef757133d38ac40afe75da691ba7d60.256p.jpg,AMD Ryzen 5 5600X,1,CPU,17500,3.7 GHz 6-Core,,
https://cdna.pcpartpicker.com/static/forever/images/product/9b4cefb2e43f2c358f3a97a31e1be90b.256p.jpg,AMD Ryzen 7 5800X,2,CPU,22500,3.8 GHz 8-Core,,
https://cdna.pcpartpicker.com/static/forever/images/product/1d7073a2deda3bd22963a7e248bbe3e4.256p.jpg,AMD Ryzen 9 5900X,3,CPU,47800,3.7 GHz 12-Core,,
https://cdna.pcpartpicker.com/static/forever/images/product/1dd09dfdc581be6224a323d49d714c7f.256p.jpg,AMD Ryzen 5 5600G,4,CPU,29700,3.9 GHz 6-Core,,
https://cdna.pcpartpicker.com/static/forever/images/product/c7baf2c9c9cc15ae23adb24c2f4316fc.256p.jpg,AMD Ryzen 5 3600,5,CPU,52500,3.6 GHz 6-Core,,
https://cdna.pcpartpicker.com/static/forever/images/product/1d7073a2deda3bd22963a7e248bbe3e4.256p.jpg,AMD Ryzen 9 5950X,6,CPU,67000,3.4 GHz 16-Core ,,
https://cdna.pcpartpicker.com/static/forever/images/product/49fca908d8863ded4df790bd3af6bc12.256p.jpg,AMD Ryzen 5 5600,7,CPU,45000,3.5 GHz 6-Core,,
https://cdna.pcpartpicker.com/static/forever/images/product/c67d8f42c0e57b268f068172e9a3f571.256p.jpg,Intel Core i3-12100F,8,CPU,52000,3.3 GHz 4-Core,,
https://cdna.pcpartpicker.com/static/forever/images/product/e5d8c71ba7c15404b87a7fcdf7251281.256p.jpg,Intel Core i5-10400F,9,CPU,30000,2.9 GHz 6-Core ,,
https://cdna.pcpartpicker.com/static/forever/images/product/f599944d7bed683e57062447764ce9d9.256p.jpg,AMD Ryzen 7 5700G,10,CPU,35800,3.8 GHz 8-Core ,,
https://cdna.pcpartpicker.com/static/forever/images/product/15d32b9ce80c52b0439123e9c5a12979.256p.jpg,AMD Ryzen 7 5700X,11,CPU,43900,3.4 GHz 8-Core ,,
https://cdna.pcpartpicker.com/static/forever/images/product/49fca908d8863ded4df790bd3af6bc12.256p.jpg,AMD Ryzen 5 5500,12,CPU,35000,3.6 GHz 6-Core ,,
https://cdna.pcpartpicker.com/static/forever/images/product/23cd3adfd50037c1b44d6d53edb15248.256p.jpg,AMD Ryzen 7 3700X,13,CPU,40000,3.6 GHz 8-Core ,,
https://cdna.pcpartpicker.com/static/forever/images/product/1b6a8775e713620ebc864fb7bcc38ce5.256p.jpg,Intel Core i3-10100F,14,CPU,45000,3.6 GHz 4-Core ,,
https://cdna.pcpartpicker.com/static/forever/images/product/7e2e7fecadc261c89c70cf3965a97a28.256p.jpg,AMD Threadripper 3990X,15,CPU,48000,2.9 GHz 64-Core ,,
https://cdna.pcpartpicker.com/static/forever/images/product/f83c6c4ee8cb5a6801f35aae5fc5d018.256p.jpg,AMD Ryzen 7 5800X3D,16,CPU,50000,3.4 GHz 8-Core ,,
https://cdna.pcpartpicker.com/static/forever/images/product/e1f3bf613a5651db6f394c8dd41f0f15.256p.jpg,AMD Ryzen 5 4500,17,CPU,51500,3.6 GHz 6-Core ,,
https://cdna.pcpartpicker.com/static/forever/images/product/104690dc90e6297964380eeb9204f524.256p.jpg,Intel Core i3-10105F,18,CPU,53000,3.7 GHz 4-Core ,,
https://cdna.pcpartpicker.com/static/forever/images/product/23cd3adfd50037c1b44d6d53edb15248.256p.jpg,AMD Ryzen 7 3800X,19,CPU,56500,3.9 GHz 8-Core ,,
https://cdna.pcpartpicker.com/static/forever/images/product/614673693f9281d17b521cbf52799c68.256p.jpg,AMD Ryzen 3 3100,20,CPU,59000,3.6 GHz 4-Core ,,
https://cdna.pcpartpicker.com/static/forever/images/product/7fc9bd473f09de3bff4a5a44e832f399.256p.jpg,Intel Core i3-12100,21,CPU,63700,3.3 GHz 4-Core ,,
https://cdna.pcpartpicker.com/static/forever/images/product/c18ee131d4d211b2ad40882e5b997371.256p.jpg,Intel Core i5-10400,22,CPU,66400,2.9 GHz 6-Core ,,
https://cdna.pcpartpicker.com/static/forever/images/product/55aea2dd64e2e3a3e3b1d678048d8d76.256p.jpg,AMD Ryzen 5 2600,23,CPU,49500,3.4 GHz 6-Core ,,
https://cdna.pcpartpicker.com/static/forever/images/product/14adcd1fc88ebf386b746037c966b6af.256p.jpg,AMD Ryzen 9 3900X,24,CPU,61500,3.8 GHz 12-Core ,,
https://cdna.pcpartpicker.com/static/forever/images/product/4e84967ef18c9b42e543b58c836d73ef.256p.jpg,AMD Ryzen 7 2700X,25,CPU,68500,3.7 GHz 8-Core ,,
https://cdna.pcpartpicker.com/static/forever/images/product/c770299ed161e4589288e53b3c315088.256p.jpg,Intel Core i5-11400,26,CPU,53450,2.6 GHz 6-Core ,,
https://cdna.pcpartpicker.com/static/forever/images/product/29ffd579cd750d1f43cba3ba1c578d8c.256p.jpg,AMD Ryzen 5 4600G,27,CPU,55000,3.7 GHz 6-Core ,,
https://cdna.pcpartpicker.com/static/forever/images/product/c7baf2c9c9cc15ae23adb24c2f4316fc.256p.jpg,AMD Ryzen 5 3600X,28,CPU,70000,3.8 GHz 6-Core ,,
https://m.media-amazon.com/images/I/419h1NMeqvL.jpg,Intel Core i3-10100,29,CPU,78000,3.6 GHz 4-Core ,,
https://cdna.pcpartpicker.com/static/forever/images/product/3567a863156c083a7d4c8fcb7e0dbdac.256p.jpg,AMD Ryzen 3 3200G,30,CPU,88500,3.6 GHz 4-Core ,,
https://cdna.pcpartpicker.com/static/forever/images/product/d28d05f1c9972e51ef212760baca9612.256p.jpg,Intel Core i5-10600KF,31,CPU,89000,4.1 GHz 6-Core ,,
https://cdna.pcpartpicker.com/static/forever/images/product/cec5ee818776737baefc9603bdbf9391.256p.jpg,Intel Core i5-10600K,32,CPU,106000,4.1 GHz 6-Core ,,
https://cdna.pcpartpicker.com/static/forever/images/product/4cca7584d65df7a4e4b5298805e9552f.256p.jpg,AMD Athlon 3000G (14nm),33,CPU,146000,3.5 GHz 2-Core ,,
https://cdna.pcpartpicker.com/static/forever/images/product/55aea2dd64e2e3a3e3b1d678048d8d76.256p.jpg,AMD Ryzen 5 2600X,34,CPU,347500,3.6 GHz 6-Core ,,
https://cdna.pcpartpicker.com/static/forever/images/product/43c4d752d1441ed420dd80502e718918.256p.jpg,AMD Ryzen 3 4100,35,CPU,558000,3.8 GHz 4-Core ,,
https://cdna.pcpartpicker.com/static/forever/images/product/f2cacb6e0f6003d798989357654aff3c.256p.jpg,AMD Threadripper 3970X,36,CPU,600000,3.7 GHz 32-Core ,,
https://cdna.pcpartpicker.com/static/forever/images/product/bb4c0b72e3f78893b1e5b19ab570b2c1.256p.jpg,AMD Ryzen 9 3950X,37,CPU,7550,3.5 GHz 16-Core ,,
https://cdna.pcpartpicker.com/static/forever/images/product/3ada9b0ee52763b884f3f76b681846ad.256p.jpg,AMD Threadripper 3960X,38,CPU,4000,3.8 GHz 24-Core ,,
https://cdna.pcpartpicker.com/static/forever/images/product/0ce96ac1818c47c739db32a18461ef4f.256p.jpg,Intel Core 2 Duo E7300,39,CPU,25000,2.66 GHz 2-Core ,,
https://cdna.pcpartpicker.com/static/forever/images/product/71be15e31e700684bc9c8fb697bd4f11.256p.jpg,AMD Ryzen 5 1600 (14nm),40,CPU,19500,3.2 GHz 6-Core ,,
https://cdna.pcpartpicker.com/static/forever/images/product/f4e07d2c312edb86a1afe494ed5cd645.256p.jpg,Intel Core i3-10105,41,CPU,27500,3.7 GHz 4-Core ,,
https://cdna.pcpartpicker.com/static/forever/images/product/43e2914b40ccb9ab7ce39eb656db3b44.256p.jpg,AMD Ryzen 5 3400G,42,CPU,23500,3.7 GHz 4-Core ,,
https://cdna.pcpartpicker.com/static/forever/images/product/7d225094c05f3106b9e7aab3873a6631.256p.jpg,AMD Ryzen 7 3800XT,43,CPU,18000,3.9 GHz 8-Core ,,
https://cdna.pcpartpicker.com/static/forever/images/product/fc7a52f5d0d6ed78e9108673e98ad223.256p.jpg,Intel Celeron G6900,44,CPU,23000,3.4 GHz 2-Core ,,
https://cdna.pcpartpicker.com/static/forever/images/product/2447958ccca245b5827bf05929f870e6.256p.jpg,AMD Ryzen 5 1600 (12nm),45,CPU,17500,3.2 GHz 6-Core ,,
https://cdna.pcpartpicker.com/static/forever/images/product/ad2e56d88c77de3053dcc5dada363f58.256p.jpg,AMD Ryzen 3 2200G,46,CPU,35400,3.5 GHz 4-Core ,,
https://cdna.pcpartpicker.com/static/forever/images/product/f55fe8a2443698085e9d8d2997cc3173.256p.jpg,AMD Athlon 200GE,47,CPU,31000,3.2 GHz 2-Core ,,
https://cdna.pcpartpicker.com/static/forever/images/product/0d74fb44f832ad674549787311aafa0f.256p.jpg,Intel Core i3-9100F,48,CPU,38350,3.6 GHz 4-Core ,,
https://cdna.pcpartpicker.com/static/forever/images/product/fee6d8b626235a58c1cc1577e6760118.256p.jpg,AMD Ryzen 7 2700,49,CPU,38000,3.2 GHz 8-Core ,,
https://cdna.pcpartpicker.com/static/forever/images/product/03f161573f98c93ea9f3e36c4254956e.256p.jpg,AMD Ryzen 5 3600,50,CPU,37000,3.6 GHz 6-Core ,,
https://m.media-amazon.com/images/I/51TckKJjtqL.jpg,Cooler Master Hyper 212 RGB Black Edition,51,CPU Cooler,9867,650 - 2000 RPM,,
https://images-na.ssl-images-amazon.com/images/I/41q91XCgtaL.jpg,Cooler Master Hyper 212 Black Edition,52,CPU Cooler,9870,650 - 2000 RPM,,
https://cdna.pcpartpicker.com/static/forever/images/product/c0affd65cd6738bf7da40dc7bfc85c44.256p.jpg,Corsair iCUE H150i ELITE CAPELLIX,53,CPU Cooler,35483,2400 RPM,,
https://cdna.pcpartpicker.com/static/forever/images/product/5b6a5e7f4cf456ccf6415235cf7adc99.256p.jpg,Cooler Master MASTERLIQUID ML240L RGB V2,54,CPU Cooler,16585,650 - 1800 RPM,,
https://cdna.pcpartpicker.com/static/forever/images/product/098f91f23535f45875611413e7b892d6.256p.jpg,NZXT Kraken X53,55,CPU Cooler,26205,500 - 2000 RPM,,
https://m.media-amazon.com/images/I/51kgqhkUNuL.jpg,Noctua NH-D15 chromax.black,56,CPU Cooler,23089,300 - 1500 RPM,,
https://cdna.pcpartpicker.com/static/forever/images/product/3e80087537051bd56fa7650e7d61516d.256p.jpg,Corsair iCUE H100i ELITE CAPELLIX,57,CPU Cooler,31497,2400 RPM,,
https://cdna.pcpartpicker.com/static/forever/images/product/8ab57dc3c0eb346c72ef7a2405e31227.256p.jpg,be quiet! Dark Rock Pro 4,58,CPU Cooler,18879,1500 RPM,,
https://cdna.pcpartpicker.com/static/forever/images/product/26b8fd4167a7e43f82d73cae4c26d565.256p.jpg,NZXT Kraken Z73,59,CPU Cooler,53312,500 - 1800 RPM,,
https://cdna.pcpartpicker.com/static/forever/images/product/2e7811efbb82f51ad2714dc7a2fd7542.256p.jpg,Corsair iCUE H150i ELITE CAPELLIX,60,CPU Cooler,38847,2400 RPM,,
https://cdna.pcpartpicker.com/static/forever/images/product/a0f3c73c8cb78b224aef8977bb4b2d96.256p.jpg,NZXT Kraken X63,61,CPU Cooler,26457,500 - 2000 RPM,,
https://cdna.pcpartpicker.com/static/forever/images/product/ca16d42d3e187f96c728c09183df14a7.med.256p.jpg,Noctua NH-D15,62,CPU Cooler,20989,300 - 1500 RPM,,
https://cdna.pcpartpicker.com/static/forever/images/product/03d2c7690b9a62e9131a8514ea3c0dfa.256p.jpg,Noctua NH-U12S chromax.black,63,CPU Cooler,16789,300 - 1500 RPM,,
https://cdna.pcpartpicker.com/static/forever/images/product/9267f7394684175fbe4178facf75dbbf.256p.jpg,be quiet! Pure Rock 2 Black,64,CPU Cooler,9429,1500 RPM,,
https://cdna.pcpartpicker.com/static/forever/images/product/98cea801f6c01faf85db87399956d1ae.256p.jpg,Corsair iCUE H100i ELITE CAPELLIX,65,CPU Cooler,30867,2400 RPM,,
https://cdna.pcpartpicker.com/static/forever/images/product/eacc91b741eda1f196d910125506d5b4.256p.jpg,Corsair iCUE H150i ELITE LCD,66,CPU Cooler,60897,450 - 2000 RPM,,
https://cdna.pcpartpicker.com/static/forever/images/product/3e22ca8828d712a21fae2eff9df00632.256p.jpg,NZXT Kraken Z73 RGB,67,CPU Cooler,61947,500 - 1500 RPM,,
https://cdna.pcpartpicker.com/static/forever/images/product/adc0e1d172f0de205c1c74fe9e80ef31.256p.jpg,Corsair iCUE H100i RGB PRO XT,68,CPU Cooler,23097,2400 RPM,,
https://cdna.pcpartpicker.com/static/forever/images/product/ac552283fdffa791733145916bb359c4.256p.jpg,NZXT Kraken Z63,69,CPU Cooler,44914,500 - 1800 RPM,,
https://cdna.pcpartpicker.com/static/forever/images/product/043bc057c32dd8030c6f5cb02b550d29.256p.jpg,Asus ROG RYUJIN II 360,70,CPU Cooler,12490,450 - 2000 RPM,,
https://cdna.pcpartpicker.com/static/forever/images/product/5a60d6fcd8af3ee7b1d747d92c6a487d.256p.jpg,ARCTIC Freezer 34 eSports DUO,71,CPU Cooler,11127,200 - 2100 RPM,,
https://m.media-amazon.com/images/I/413dWz1VhNL.jpg,NZXT Kraken X73,72,CPU Cooler,29817,500 - 2000 RPM,,
https://cdna.pcpartpicker.com/static/forever/images/product/05c27ddf4caf6b0d585bc03e41b8e7ee.256p.jpg,Deepcool AK620,73,CPU Cooler,13645,500 - 1850 RPM,,
https://m.media-amazon.com/images/I/41z3GD2qQlL.jpg,EK EK-AIO Basic 240,74,CPU Cooler,20367,550 - 2200 RPM,,
https://m.media-amazon.com/images/I/51TgBblkmJL.jpg,ID-COOLING SE-224-XT,75,CPU Cooler,6297,700 - 1800 RPM,,
https://cdna.pcpartpicker.com/static/forever/images/product/2c03335f73ba12d4fc6b612a3f042eb8.256p.jpg,Cooler Master MasterLiquid ML240L V2 RGB,76,CPU Cooler,20027,650 - 1800 RPM,,
https://m.media-amazon.com/images/I/41BSD9358LL.jpg,Vetroo V5,77,CPU Cooler,7347,800 - 1700 RPM,,
https://cdna.pcpartpicker.com/static/forever/images/product/1458789c98b11d505b1407ea9179bf71.256p.jpg,NZXT Kraken Z73 RGB,78,CPU Cooler,64047,500 - 1500 RPM,,
https://m.media-amazon.com/images/I/51e-2P7e4AL.jpg,Deepcool GAMMAXX 400 Blue,79,CPU Cooler,3147,900 - 1500 RPM,,
https://m.media-amazon.com/images/I/41CLXBMLmiL.jpg,Lian Li GALAHAD AIO 360 RGB UNI FAN SL120 EDITION,80,CPU Cooler,36794,800 - 1900 RPM,,
https://cdna.pcpartpicker.com/static/forever/images/product/623066a73a9f4feafdea3ae659f80705.256p.jpg,Corsair H100i RGB PLATINUM,81,CPU Cooler,33390,2400 RPM,,
https://cdna.pcpartpicker.com/static/forever/images/product/d4be1665d9e39cda9ce38d3cac4abfe6.256p.jpg,ARCTIC Liquid Freezer II 280,82,CPU Cooler,23097,200 - 1700 RPM,,
https://m.media-amazon.com/images/I/513-eMofZZL.jpg,Scythe Fuma 2 Rev.B,83,CPU Cooler,13855,300 - 1500 RPM,,
https://m.media-amazon.com/images/I/5130uHBNUnL.jpg,ID-COOLING SE-214-XT ARGB,84,CPU Cooler,4195,500 - 1500 RPM,,
https://cdna.pcpartpicker.com/static/forever/images/product/c36d414a2655bffc7f11ffba68791e72.256p.jpg,MSI MAG CORE LIQUID 240R,85,CPU Cooler,19947,500 - 2000 RPM,,
https://cdna.pcpartpicker.com/static/forever/images/product/ddea57de9797549e80d05fb3acb2e83d.med.256p.jpg,Cooler Master Hyper 212 EVO,86,CPU Cooler,9447,600 - 2000 RPM,,
https://m.media-amazon.com/images/I/41kQg0LUEaL.jpg,ARCTIC Liquid Freezer II 360,87,CPU Cooler,32018,800 - 2000 RPM,,
https://cdna.pcpartpicker.com/static/forever/images/product/09bf243952495ef89ed4a6125b1b60b7.256p.jpg,Cooler Master MASTERLIQUID ML120L RGB V2,88,CPU Cooler,15325,650 - 1800 RPM,,
https://cdna.pcpartpicker.com/static/forever/images/product/3a24ca834f2b252f719640f8b8448b6c.256p.jpg,Noctua NH-U12A chromax.black,89,CPU Cooler,25189,450 - 2000 RPM,,
https://cdna.pcpartpicker.com/static/forever/images/product/df16448ab2d26d511e98ba79dd91826c.256p.jpg,NZXT Kraken Z63 RGB,90,CPU Cooler,53967,500 - 1500 RPM,,
https://cdna.pcpartpicker.com/static/forever/images/product/351c9a441cd970d83faee6f581d07f73.med.256p.jpg,Noctua NH-U12S,91,CPU Cooler,14687,300 - 1500 RPM,,
https://images-eu.ssl-images-amazon.com/images/I/51Qauo41OFL.jpg,Intel E97379-001,92,CPU Cooler,2919,1200 - 2800 RPM,,
https://cdna.pcpartpicker.com/static/forever/images/product/b8721c74d96c94c4b3dfb8c97a7aaae1.256p.jpg,Noctua NH-U12S redux,93,CPU Cooler,10489,450 - 1700 RPM,,
https://cdna.pcpartpicker.com/static/forever/images/product/aba40716670bdd4a88508ee83621b33a.256p.jpg,be quiet! Dark Rock 4,94,CPU Cooler,15729,1400 RPM,,
https://cdna.pcpartpicker.com/static/forever/images/product/2191a293d407f911a0f88a2e83171bf8.256p.jpg,Corsair H100x,95,CPU Cooler,19947,1700 RPM,,
https://cdna.pcpartpicker.com/static/forever/images/product/b93370f1eba2506baa09eb9337787db5.256p.jpg,Corsair iCUE H170i ELITE LCD,96,CPU Cooler,65097,400 - 1600 RPM,,
https://cdna.pcpartpicker.com/static/forever/images/product/96b3a32edd17cf062baa8e79ff31bb3d.256p.jpg,Corsair iCUE H115i ELITE CAPELLIX,97,CPU Cooler,33597,2000 RPM,,
https://m.media-amazon.com/images/I/41dVybBj8zL.jpg,Lian Li GALAHAD AIO 360 RGB UNI FAN SL120 EDITION,98,CPU Cooler,36939,800 - 1900 RPM,,
https://m.media-amazon.com/images/I/41-qe4lyyXL.jpg,Noctua NH-U9S chromax.black,99,CPU Cooler,14689,400 - 2000 RPM,,
https://m.media-amazon.com/images/I/51wsVDm2ONL.jpg,Noctua NH-D15S chromax.black,100,CPU Cooler,20989,300 - 1500 RPM,,
https://cdna.pcpartpicker.com/static/forever/images/product/4f19c6453ce4ebe67091e6d9735f3a19.256p.jpg,Corsair RMx (2021),101,PSU,28347,80+ Gold 850W,,
https://m.media-amazon.com/images/I/51QtNc5IZVL.jpg,EVGA SuperNOVA GA,102,PSU,12597,80+ Gold 650W,,
https://cdna.pcpartpicker.com/static/forever/images/product/c6df4edbb596b2818cd0c5e204fb3df3.256p.jpg,Corsair RMx (2018),103,PSU,26581,80+ Gold 650W,,
https://cdna.pcpartpicker.com/static/forever/images/product/ba1237e2349bec09bccff4016facca23.256p.jpg,Corsair RM (2021),104,PSU,23937,80+ Gold 750W,,
https://cdna.pcpartpicker.com/static/forever/images/product/d508e515424349cdeec86d9b43152c00.256p.jpg,EVGA SuperNOVA GA,105,PSU,19947,80+ Gold 850W,,
https://m.media-amazon.com/images/I/51QvmULw-VL.jpg,Corsair HX Platinum,106,PSU,48415,80+ Platinum 1000W,,
https://m.media-amazon.com/images/I/51zNwtqLpuL.jpg,EVGA SuperNOVA GA,107,PSU,16398,80+ Gold 750W,,
https://cdna.pcpartpicker.com/static/forever/images/product/66dbe902337399e341f967959693cdb8.256p.jpg,Corsair RM (2021),108,PSU,25197,80+ Gold 850W,,
https://cdna.pcpartpicker.com/static/forever/images/product/b4a2d3f62255a1c35fd45aa3273c5173.256p.jpg,Corsair RMx (2018),109,PSU,26037,80+ Gold 750W,,
https://cdna.pcpartpicker.com/static/forever/images/product/a32b39c06832c717045c1c4c490ff572.256p.jpg,Corsair CV,110,PSU,8817,80+ Bronze 650W,,
https://m.media-amazon.com/images/I/41XA+O8OFNL.jpg,Corsair SF,111,PSU,32547,80+ Platinum 750W,,
https://cdna.pcpartpicker.com/static/forever/images/product/1d57cf53a1289e4dfff1aed9b1cc272a.256p.jpg,Corsair AXi,112,PSU,128097,80+ Titanium 1600W,,
https://cdna.pcpartpicker.com/static/forever/images/product/2e9c1e7ffca723f2acf802efc7f4e331.256p.jpg,Corsair RMx (2021),113,PSU,35697,80+ Gold 100W,,
https://cdna.pcpartpicker.com/static/forever/images/product/9a7973c78d2931aee46bb1ffb726fe9f.256p.jpg,Corsair CV,114,PSU,12600,80+ Bronze 550W,,
https://cdna.pcpartpicker.com/static/forever/images/product/1752baa3ddb162df098cf33b0b6eeae3.256p.jpg,Corsair RM (2021),115,PSU,26247,80+ Gold 850W,,
https://m.media-amazon.com/images/I/51IStJoC6NL.jpg,EVGA SuperNOVA GA,116,PSU,11547,80+ Gold 550W,,
https://cdna.pcpartpicker.com/static/forever/images/product/a15caa8216152ec9d5235cee607d2dc9.256p.jpg,Corsair HX Platinum,117,PSU,40947,80+ Platinum 1200W,,
https://cdna.pcpartpicker.com/static/forever/images/product/097e4a536e42595ca4c7ded7f7739bd4.256p.jpg,Corsair CXM,118,PSU,12597,80+ Bronze 650W,,
https://m.media-amazon.com/images/I/51J5s4nQnWL.jpg,EVGA BQ,119,PSU,11547,80+ Bronze 500W,,
https://m.media-amazon.com/images/I/512voawCsuL.jpg,EVGA BQ,120,PSU,11919,80+ Bronze 600W,,
https://cdna.pcpartpicker.com/static/forever/images/product/bd2577c6ecabce9f78526a09410351e0.256p.jpg,Cooler Master V SFX Gold,121,PSU,30027,80+ Gold 850W,,
https://cdna.pcpartpicker.com/static/forever/images/product/fd4dd3c80698fbc02fbe7990598aec90.256p.jpg,Corsair CXF,122,PSU,10075,80+ Bronze 550W,,
https://cdna.pcpartpicker.com/static/forever/images/product/69c7679bbfccb706c80f41b452d36f54.256p.jpg,MSI MPG A-GF,123,PSU,17847,80+ Gold 650W,,
https://cdna.pcpartpicker.com/static/forever/images/product/f44aab9e6ecddf45fb3666ad99123ec1.256p.jpg,EVGA GQ,124,PSU,13645, 80+ Gold 650W,,
https://cdna.pcpartpicker.com/static/forever/images/product/9a7973c78d2931aee46bb1ffb726fe9f.256p.jpg,Corsair CV,125,PSU,16669,80+ Bronze 450W,,
https://cdna.pcpartpicker.com/static/forever/images/product/fc764228aa234156a7ad64073b72b702.256p.jpg,EVGA SuperNOVA G6,126,PSU,29397,80+ Gold 100W,,
https://cdna.pcpartpicker.com/static/forever/images/product/8912b48548fca5ee3606a5d93772928a.256p.jpg,Corsair RM (2021),127,PSU,22047,80+ Gold 750W,,
https://m.media-amazon.com/images/I/41fF-4VeSsL.jpg,Gigabyte P GM,128,PSU,18687,80+ Gold 750W,,
https://cdna.pcpartpicker.com/static/forever/images/product/5b4d3a0c8ba785ed560565371fb5b0a6.256p.jpg,Asus ROG Thor 1200P,129,PSU,65095,80+ Platinum 1200W,,
https://m.media-amazon.com/images/I/51AFmFLRqWL.jpg,EVGA W1,130,PSU,7347,80+ Gold 550W,,
https://cdna.pcpartpicker.com/static/forever/images/product/1b188238912bad1b60bbfef7d8912470.256p.jpg,Corsair RMx (2021),131,PSU,25202,80+ Gold 750W,,
https://cdna.pcpartpicker.com/static/forever/images/product/24ef44cdf0bbd6dbfd72bb1bd22f63a5.256p.jpg,EVGA GQ,132,PSU,14695,80+ Gold 750W,,
https://m.media-amazon.com/images/I/41FxTFFeX4L.jpg,Gigabyte P-B,133,PSU,6715,80+ Bronze 450W,,
https://cdna.pcpartpicker.com/static/forever/images/product/a17f19b8ff57ed588541561adb18e3f2.256p.jpg,MSI MPG A-GF,134,PSU,23097,80+ Gold 850W,,
https://m.media-amazon.com/images/I/41f+bfJdt8L.jpg,EVGA SuperNOVA GT,135,PSU,16795,80+ Gold 750W,,
https://cdna.pcpartpicker.com/static/forever/images/product/73bfc08ebedbbebd39d7967a51a4f881.256p.jpg,EVGA SuperNOVA GT,136,PSU,13645,80+ Gold 650W,,
https://m.media-amazon.com/images/I/41qUzlhfWKL.jpg,Corsair SF,137,PSU,27297,80+ Platinum 600W,,
https://cdna.pcpartpicker.com/static/forever/images/product/19cf9b2fdda8760cb9d0f4119e780b9a.256p.jpg,Asus ROG Strix,138,PSU,29397,80+ Gold 850W,,
https://cdna.pcpartpicker.com/static/forever/images/product/88cf41a1004078b5dc6a0be2942e7ed4.256p.jpg,EVGA GD (2019),139,PSU,11547,80+ Gold 650W,,
https://m.media-amazon.com/images/I/416gNawEYEL.jpg,Corsair AX,140,PSU,251790,80+ Titanium 1000W,,
https://cdna.pcpartpicker.com/static/forever/images/product/687448ede7d2a06734c3af5c96539774.256p.jpg,MSI MPG A-GF,141,PSU,20997,80+ Gold 750W,,
https://cdna.pcpartpicker.com/static/forever/images/product/35490b181f2cdce037bb131b849c4b3f.256p.jpg,EVGA SuperNOVA GM,142,PSU,20997,80+ Gold 750W,,
https://m.media-amazon.com/images/I/51s30iFwevL.jpg,Corsair HX Platinum,143,PSU,27297,80+ Platinum 850W,,
https://cdna.pcpartpicker.com/static/forever/images/product/72d94e57cdd11623fd1696e8ee343952.256p.jpg,EVGA SuperNOVA GM,144,PSU,18897,80+ Gold 650W,,
https://m.media-amazon.com/images/I/41v5hRa+TfL.jpg,be quiet! Dark Power Pro 12,145,PSU,93912,80+ Titanium 1500W,,
https://cdna.pcpartpicker.com/static/forever/images/product/02951377c9eed1e21fc3d8ba6092717e.256p.jpg,Corsair RM (2019),146,PSU,35907,80+ Gold 750W,,
https://cdna.pcpartpicker.com/static/forever/images/product/78afeb3cab692533f7fad2eba2975750.256p.jpg,Corsair RMx (2018),147,PSU,23979,80+ Gold 750W,,
https://cdna.pcpartpicker.com/static/forever/images/product/cf7a8ae258b039ec78859d56cb2a9564.256p.jpg,Cooler Master V SFX Gold,148,PSU,26457,80+ Gold 750W,,
https://cdna.pcpartpicker.com/static/forever/images/product/7f2d3e6773b9ab9087410c17d5c793ef.256p.jpg,Corsair RMx (2021),149,PSU,20997,80+ Gold 650W,,
https://cdna.pcpartpicker.com/static/forever/images/product/cd4625cbc62ddc42dd7818032da24d6f.256p.jpg,NZXT C (2020),150,PSU,25197,80+ Gold 850W,,
https://cdna.pcpartpicker.com/static/forever/images/product/8bfd1e864048a5c5234dd2d4cb13dc61.256p.jpg,MSI Optix G241,151,Monitor,39055,"23.8""  1920 x 1080",,
https://m.media-amazon.com/images/I/41ZM7pNwiJL.jpg,Asus TUF Gaming VG27AQ,152,Monitor,64890,"27.0""  2560 x 1440",,
https://cdna.pcpartpicker.com/static/forever/images/product/7a7f018b6d4e6e54702dec2707bf1014.256p.jpg,Asus ProArt Display PA32UCG-K,153,Monitor,102870,"32.0""  3840 x 2160",,
https://m.media-amazon.com/images/I/417KWxwTikL.jpg,AOC 24G2,154,Monitor,35697,"23.8""  1920 x 1080",,
https://cdna.pcpartpicker.com/static/forever/images/product/c6fcac6db37eb233d14327846e128bd9.256p.jpg,Samsung Odyssey G9 Neo S49AG952N,155,Monitor,377997,"49.0""  5120 x 1440",,
https://images-na.ssl-images-amazon.com/images/I/41rKwLxBlaL.jpg,Acer PREDATOR X35 bmiphzx,156,Monitor,524995,"35.0""  3440 x 1440",,
https://cdna.pcpartpicker.com/static/forever/images/product/cee9ad73f441215aca17a2d8fced1aa1.256p.jpg,LG 27GN800-B,157,Monitor,58167,"27.0""  2560 x 1440",,
https://cdna.pcpartpicker.com/static/forever/images/product/c1cef36415ba8f85086b55459b9bf0aa.256p.jpg,Samsung Odyssey G7,158,Monitor,121520,"27.0""  2560 x 1440",,
https://cdna.pcpartpicker.com/static/forever/images/product/90fe1ab915692448773babbed2c62d73.256p.jpg,MSI Optix G24C4,159,Monitor,37797,"23.6""  1920 x 1080",,
https://cdna.pcpartpicker.com/static/forever/images/product/733712e75da1ade84876cab068d301af.256p.jpg,Gigabyte G27Q,160,Monitor,52497,"27.0""  2560 x 1440",,
https://m.media-amazon.com/images/I/31Q8GoryP8L.jpg,AOC G2490VX,161,Monitor,31497,"23.8""  1920 x 1080",,
https://cdna.pcpartpicker.com/static/forever/images/product/ae364dfe79d4c077bc72a661b48293c3.256p.jpg,Asus ROG Swift PG259QN,162,Monitor,102690,"24.5""  1920 x 1080",,
https://cdna.pcpartpicker.com/static/forever/images/product/325b541af8d2441964716a67de7ec081.256p.jpg,Asus VG248QG,163,Monitor,39690,"24.0""  1920 x 1080",,
https://m.media-amazon.com/images/I/51M8EvHhbcL.jpg,NEC LCD2190UXp-BK,164,Monitor,35000,"21.3""  1600 x 1200",,
https://m.media-amazon.com/images/I/51ZqNxY-PqL.jpg,LG 27GL650F-B,165,Monitor,41367,"27.0""  1920 x 1080",,
https://m.media-amazon.com/images/I/51HJWYChCfL.jpg,LG 27GN750-B,166,Monitor,47667,"27.0""  1920 x 1080",,
https://m.media-amazon.com/images/I/41iARbuf6wL.jpg,Gigabyte M27Q,167,Monitor,75597,"27.0""  2560 x 1440",,
https://cdna.pcpartpicker.com/static/forever/images/product/8867fe547a8f02883838f2ca65220fa6.256p.jpg,Asus VP228HE,168,Monitor,26040,"21.5""  1920 x 1080",,
https://cdna.pcpartpicker.com/static/forever/images/product/0f06943449a7f045280437ce6c0c1a0a.256p.jpg,LG 27GN950-B,169,Monitor,133767,"27.0""  3840 x 2160",,
https://m.media-amazon.com/images/I/41FTz2RCpPL.jpg,Dell S2721DGF,170,Monitor,92397,"27.0""  2560 x 1440",,
https://cdna.pcpartpicker.com/static/forever/images/product/c6155b53f474a6418be303bad8de742a.256p.jpg,MSI Optix G271,171,Monitor,48192,"27.0""  1920 x 1080",,
https://cdna.pcpartpicker.com/static/forever/images/product/9fb82f9bdf64715826058f26a9fa0685.256p.jpg,Asus ROG Strix XG27AQM,172,Monitor,145368,"27.0""  2560 x 1440",,
https://cdna.pcpartpicker.com/static/forever/images/product/42ccac85af15333aee1f274ad5ccf955.256p.jpg,LG 22MK430H-B,173,Monitor,24567,"21.5""  1920 x 1080",,
https://cdna.pcpartpicker.com/static/forever/images/product/07a61ae69ef1a71b2f3580da52ee2df1.256p.jpg,Asus TUF Gaming VG279QM,174,Monitor,65937,"27.0""  1920 x 1080",,
https://cdna.pcpartpicker.com/static/forever/images/product/e82c8d87bd5ae8836cfc2258a686e596.256p.jpg,Samsung Odyssey G7 LC32G75TQSNXZA,175,Monitor,115497,"31.5""  2560 x 1440",,
https://m.media-amazon.com/images/I/212cQLyeXsL.jpg,Alienware AW3423DW,176,Monitor,41000,"34.2""  3440 x 1440",,
https://cdna.pcpartpicker.com/static/forever/images/product/1c3449001f4d13277a4b39a59ddf68f7.256p.jpg,Samsung Odyssey G9,177,Monitor,290971,"49.0""  5120 x 1440",,
https://cdna.pcpartpicker.com/static/forever/images/product/b7be79f3138ca4f6deaf8c68bd0a2096.256p.jpg,AOC 27G2,178,Monitor,41997,"27.0""  1920 x 1080",,
https://m.media-amazon.com/images/I/41OQgjJLf-L.jpg,LG 27GP850-B,179,Monitor,72867,"27.0""  2560 x 1440",,
https://m.media-amazon.com/images/I/41WgGo5ZVkL.jpg,MSI Optix MAG321CQR,180,Monitor,62997,"31.5""  2560 x 1440",,
https://m.media-amazon.com/images/I/51vOeHm-EvL.jpg,Gigabyte ?G24F,181,Monitor,37797,"23.8""  1920 x 1080",,
https://m.media-amazon.com/images/I/51MQaDe1exL.jpg,VIOTEK GFV22CB,182,Monitor,29397,"22.0""  1920 x 1080",,
https://cdna.pcpartpicker.com/static/forever/images/product/a6771210080ca28512dfac5803f184a2.256p.jpg,MSI Optix G27CQ4,183,Monitor,56697,"27.0""  2560 x 1440",,
https://cdna.pcpartpicker.com/static/forever/images/product/30f6ad5628a5425e94939b431bd85d55.256p.jpg,MSI Optix MAG274QRF-QD,184,Monitor,85255,"27.0""  2560 x 1440",,
https://cdna.pcpartpicker.com/static/forever/images/product/1ddaed6942bce9873c670d77f9bb2e60.256p.jpg,LG 24GN650-B,185,Monitor,47247,"24.0""  1920 x 1080",,
https://m.media-amazon.com/images/I/416CqsC88-L.jpg,Alienware AW2521HF,186,Monitor,56063,"24.5""  1920 x 1080",,
https://images-na.ssl-images-amazon.com/images/I/41Io95MS%2BOL.jpg,Acer UM.BV6AA.003,187,Monitor,16797,"17.0""  1280 x 1024",,
https://m.media-amazon.com/images/I/51Sr6OGBT8S.jpg,Gigabyte ?M28U,188,Monitor,121797,"28.0""  3840 x 2160",,
https://cdna.pcpartpicker.com/static/forever/images/product/c5fbd60e5912f11c9fba9cd58ff4dc08.256p.jpg,Asus VG248QE,189,Monitor,45334,"24.0""  1920 x 1080",,
https://cdna.pcpartpicker.com/static/forever/images/product/79d4676a209d1710b5221258f9c50b12.256p.jpg,Asus ROG Swift PG279QM,190,Monitor,157290,"27.0""  2560 x 1440",,
https://cdna.pcpartpicker.com/static/forever/images/product/bf54b599a671d72a70f21cd39bb1cc58.256p.jpg,Alienware AW2521H,191,Monitor,84205,"24.5""  1920 x 1080",,
https://cdna.pcpartpicker.com/static/forever/images/product/9fbc7a9308c57726935637c8f053e1f6.256p.jpg,Asus TUF Gaming VG24VQ,192,Monitor,39690,"23.6""  1920 x 1080",,
https://m.media-amazon.com/images/I/51I3UjD-Q1L.jpg,Acer SB220Q bi,193,Monitor,23097,"21.5""  1920 x 1080",,
https://cdna.pcpartpicker.com/static/forever/images/product/80932dccff9f90891b1ae681ee03884c.256p.jpg,AOC 24G2U/BK,194,Monitor,70770,"24.0""  1920 x 1080",,
https://cdna.pcpartpicker.com/static/forever/images/product/24252ada5591ffda57b4099ad8c353d6.256p.jpg,HP X27q,195,Monitor,60690,"27.0""  2560 x 1440",,
https://cdna.pcpartpicker.com/static/forever/images/product/70d2b0098d35d1f6d27f98b67ab5cfdb.256p.jpg,Samsung LC27G55TQWNXZA,196,Monitor,54597,"27.0""  2560 x 1440",,
https://cdna.pcpartpicker.com/static/forever/images/product/4a15d08226d960b85040c9a8e9d00406.256p.jpg,Asus TUF GAMING VG259QM,197,Monitor,62790,"24.5""  1920 x 1080",,
https://cdna.pcpartpicker.com/static/forever/images/product/59da12bfa57f98e038e14131291f622d.256p.jpg,MSI Optix G27C5,198,Monitor,48297,"27.0""  1920 x 1080",,
https://cdna.pcpartpicker.com/static/forever/images/product/d033ac72d7a1b3440f64bd9d9892fa49.256p.jpg,Dell UP3218K,199,Monitor,791697,"31.5""  7680 x 4320",,
https://cdna.pcpartpicker.com/static/forever/images/product/93d67e875ca85ac6b92e23dcdd4c19b5.256p.jpg,LG 27GP950-B,200,Monitor,164194,"27.0""  3840 x 2160",,
https://m.media-amazon.com/images/I/51ufTnVhMeL.jpg,EVGA XC GAMING GeForce RTX 3060,201,GPU,77398,GeForce RTX 3060 1320 MHz,,
https://m.media-amazon.com/images/I/41wNSzchLVS.jpg,EVGA FTW3 ULTRA GAMING GeForce RTX 3070 Ti,202,GPU,134998,GeForce RTX 3070 Ti 1575 MHz,,
https://m.media-amazon.com/images/I/41-IBSRhnQL.jpg,EVGA XC GAMING GeForce RTX 3050 8GB,203,GPU,59398,GeForce RTX 3050 8GB 1550 MHz,,
https://cdna.pcpartpicker.com/static/forever/images/product/9dfd9338635c909cdc810e266474b18d.256p.jpg,XFX Speedster SWFT 210 Radeon RX 6600,204,GPU,53991,Radeon RX 6600 1626 MHz,,
https://m.media-amazon.com/images/I/41CPjBchLUS.jpg,EVGA FTW3 ULTRA GAMING LE iCX3 GeForce RTX 3080 Ti,205,GPU,214898,GeForce RTX 3080 Ti 1365 MHz,,
https://cdna.pcpartpicker.com/static/forever/images/product/dbc81b89efc82ce66fb2e3ab7e0f0658.256p.jpg,MSI VENTUS 2X GeForce RTX 3060,206,GPU,70196,GeForce RTX 3060 1320 MHz,,
https://cdna.pcpartpicker.com/static/forever/images/product/395c889b89aa11dc1c1ec7f2620cc0bf.256p.jpg,Asus TUF GAMING OC GeForce RTX 3070 Ti,207,GPU,125820,GeForce RTX 3070 Ti 1575 MHz,,
https://m.media-amazon.com/images/I/413KJTCkkiS.jpg,Gigabyte GAMING OC GeForce RTX 3070 Ti,208,GPU,122398,GeForce RTX 3070 Ti 1575 MHz,,
https://m.media-amazon.com/images/I/41VNsl3wFvS.jpg,EVGA FTW3 ULTRA GAMING LHR GeForce RTX 3080 10GB LHR,209,GPU,155331,GeForce RTX 3080 10GB LHR 1440 MHz,,
https://cdna.pcpartpicker.com/static/forever/images/product/82c275a9517eededa768170a16ad07c7.256p.jpg,MSI GAMING X GeForce RTX 3060,210,GPU,88198,GeForce RTX 3060 1320 MHz,,
https://cdna.pcpartpicker.com/static/forever/images/product/2f11da299c23e66859a6955b07835ff6.256p.jpg,EVGA FTW3 ULTRA GAMING GeForce RTX 3090,211,GPU,300420,GeForce RTX 3090 1395 MHz,,
https://m.media-amazon.com/images/I/41R3RAPj-kL.jpg,MSI MECH 2X Radeon RX 6600,212,GPU,58451,Radeon RX 6600 1626 MHz,,
https://m.media-amazon.com/images/I/51pLS6ri0CL.jpg,EVGA XC BLACK GAMING GeForce RTX 3060,213,GPU,73796,GeForce RTX 3060 1320 MHz,,
https://m.media-amazon.com/images/I/41Oi3oMgb+L.jpg,EVGA FTW3 ULTRA GAMING GeForce RTX 3090 Ti,214,GPU,359998,GeForce RTX 3090 Ti 1560 MHz,,
https://cdna.pcpartpicker.com/static/forever/images/product/617a916f25cb36e68d2d7289f150970b.256p.jpg,Gigabyte GAMING OC GeForce RTX 3080 Ti,215,GPU,179998,GeForce RTX 3080 Ti 1365 MHz,,
https://cdna.pcpartpicker.com/static/forever/images/product/c83c230ad5684114f875aec6dc2e8fa6.256p.jpg,MSI GAMING X GeForce GTX 1050 Ti,216,GPU,37798,GeForce GTX 1050 Ti 1290 MHz,,
https://cdna.pcpartpicker.com/static/forever/images/product/e19465e0f369b5cec4beadcd62302eac.256p.jpg,MSI MECH 2X Radeon RX 6700 XT,217,GPU,89096,Radeon RX 6700 XT 2321 MHz,,
https://cdna.pcpartpicker.com/static/forever/images/product/24f2250843caa631f82d234bc781e9d0.256p.jpg,MSI VENTUS 3X OC GeForce RTX 3060,218,GPU,71998,GeForce RTX 3060 1320 MHz,,
https://cdna.pcpartpicker.com/static/forever/images/product/de7225d83465d909752ae5f50e9d3d36.256p.jpg,MSI MECH 2X OC Radeon RX 6600 XT,219,GPU,68398,Radeon RX 6600 XT 1968 MHz,,
https://m.media-amazon.com/images/I/51FcVHzQHZL.jpg,Asus DUAL EVO OC GeForce RTX 2060,220,GPU,61200,GeForce RTX 2060 1365 MHz,,
https://cdna.pcpartpicker.com/static/forever/images/product/f2b065ca9a327abdf59052263ed6f1db.256p.jpg,XFX Speedster SWFT 210 Radeon RX 6600 XT,221,GPU,64798,Radeon RX 6600 XT 2092 MHz,,
https://cdna.pcpartpicker.com/static/forever/images/product/6bf3a236cc8985160638a41d6aa8161d.256p.jpg,EVGA FTW3 ULTRA GAMING GeForce RTX 3070,222,GPU,249300,GeForce RTX 3070 1500 MHz,,
https://cdna.pcpartpicker.com/static/forever/images/product/f883f51b57a8c1e7dec87086908f612d.256p.jpg,MSI VENTUS 2X OCV1 GeForce RTX 3060 Ti LHR,223,GPU,91796,GeForce RTX 3060 Ti LHR 1410 MHz,,
https://m.media-amazon.com/images/I/41D-YkcTJBS.jpg,Gigabyte Vision OC GeForce RTX 3070 Ti,224,GPU,134998,GeForce RTX 3070 Ti 1575 MHz,,
https://cdna.pcpartpicker.com/static/forever/images/product/f6887de4a4ca1fc2481f44e68961e0c4.256p.jpg,MSI GAMING Z TRIO GeForce RTX 3080 10GB LHR,225,GPU,160020,GeForce RTX 3080 10GB LHR 1440 MHz,,
https://m.media-amazon.com/images/I/41b3cd92VmS.jpg,EVGA XC GAMING GeForce RTX 3060 Ti LHR,226,GPU,94498,GeForce RTX 3060 Ti LHR 1410 MHz,,
https://m.media-amazon.com/images/I/41wxt2fwBdL.jpg,Palit GameRock GeForce RTX 3090 Ti,227,GPU,508035,GeForce RTX 3090 Ti 1560 MHz,,
https://m.media-amazon.com/images/I/41aBk2eL86L.jpg,EVGA XC3 ULTRA GAMING GeForce RTX 3080 10GB,228,GPU,188100,GeForce RTX 3080 10GB 1440 MHz,,
https://cdna.pcpartpicker.com/static/forever/images/product/20f2e11eabbca0c2bc0740a93ccc16f2.256p.jpg,Gigabyte EAGLE OC Rev 2.0 GeForce RTX 3060,229,GPU,71998,GeForce RTX 3060 1320 MHz,,
https://cdna.pcpartpicker.com/static/forever/images/product/63b3a434d2b25e81c818974bc4afa1ab.256p.jpg,Asus ROG STRIX GAMING OC GeForce RTX 3080 Ti,230,GPU,254930,GeForce RTX 3080 Ti 1365 MHz,,
https://m.media-amazon.com/images/I/51BNm7edd4L.jpg,MSI D6 VENTUS XS OC GeForce GTX 1650 G6,231,GPU,34198,GeForce GTX 1650 G6 1410 MHz,,
https://cdna.pcpartpicker.com/static/forever/images/product/9c57e7f04b05270bcf7edb9fcf4c715c.256p.jpg,MSI VENTUS XS OC GeForce GTX 1660 SUPER,232,GPU,57600,GeForce GTX 1660 SUPER 1530 MHz,,
https://cdna.pcpartpicker.com/static/forever/images/product/2bf41468f1d5c4e843f7fbc5cb666783.256p.jpg,Asus STRIX GAMING OC GeForce RTX 3090,233,GPU,305998,GeForce RTX 3090 1395 MHz,,
https://cdna.pcpartpicker.com/static/forever/images/product/bb0159271ccac8d7db9357c0a6c34f76.256p.jpg,Asus ROG STRIX WHITE OC GeForce RTX 3090,234,GPU,341998,GeForce RTX 3090 1395 MHz,,
https://cdna.pcpartpicker.com/static/forever/images/product/d70ebfed31d00a1fb96246445f9fc901.256p.jpg,XFX Speedster QICK 210 Radeon RX 6500 XT,235,GPU,32398,Radeon RX 6500 XT 2310 MHz,,
https://cdna.pcpartpicker.com/static/forever/images/product/31f97a214359674c007e9255c39d5a33.256p.jpg,EVGA XC3 ULTRA GAMING GeForce RTX 3070 Ti,236,GPU,127618,GeForce RTX 3070 Ti 1575 MHz,,
https://cdna.pcpartpicker.com/static/forever/images/product/1085f0f0294e6eb6340c70bf6324a9f8.256p.jpg,MSI GTX 1050 Ti 4GT OC GeForce GTX 1050 Ti,237,GPU,35998,GeForce GTX 1050 Ti 1341 MHz,,
https://cdna.pcpartpicker.com/static/forever/images/product/837eb49b91e552d21b73eee7faaec3d7.256p.jpg,Asus STRIX LC GAMING OC GeForce RTX 3090 Ti,238,GPU,377996,GeForce RTX 3090 Ti 1560 MHz,,
https://cdna.pcpartpicker.com/static/forever/images/product/d36c7f37465a6748a5c652e18ec14c20.256p.jpg,XFX Speedster QICK 319 BLACK Radeon RX 6700 XT,239,GPU,89998,Radeon RX 6700 XT 2457 MHz,,
https://m.media-amazon.com/images/I/41-IBSRhnQL.jpg,EVGA XC BLACK GAMING GeForce RTX 3050 8GB,240,GPU,59391,GeForce RTX 3050 8GB 1550 MHz,,
https://m.media-amazon.com/images/I/41Prh6TkcFL.jpg,Gigabyte GAMING OC GeForce RTX 3080 12GB LHR,241,GPU,179998,GeForce RTX 3080 12GB LHR 1260 MHz,,
https://m.media-amazon.com/images/I/41Gcn+794SS.jpg,XFX Speedster SWFT 309 Radeon RX 6700 XT,242,GPU,89998,Radeon RX 6700 XT 2321 MHz,,
https://m.media-amazon.com/images/I/41nHFEB9R+S.jpg,MSI GAMING X TRIO GeForce RTX 3070 Ti,243,GPU,129598,GeForce RTX 3070 Ti 1575 MHz,,
https://cdna.pcpartpicker.com/static/forever/images/product/2f15bdbbcac9a6fb9091729644f5f566.256p.jpg,Asus ROG STRIX GAMING OC GeForce RTX 3070 Ti,244,GPU,143998,GeForce RTX 3070 Ti 1575 MHz,,
https://m.media-amazon.com/images/I/312T-6TRpsL.jpg,NVIDIA Founders Edition GeForce RTX 3090 Ti,245,GPU,404100,GeForce RTX 3090 Ti 1560 MHz,,
https://cdna.pcpartpicker.com/static/forever/images/product/f61456701d1322e072508a4c608b7732.256p.jpg,Asus TUF GAMING OC GeForce GTX 1660 SUPER,246,GPU,57598,GeForce GTX 1660 SUPER 1530 MHz,,
https://cdna.pcpartpicker.com/static/forever/images/product/b4c1da032bd8b99e3c828a9f2726b264.256p.jpg,MSI VENTUS 3X PLUS OC GeForce RTX 3080 10GB LHR,247,GPU,142196,GeForce RTX 3080 10GB LHR 1440 MHz,,
https://m.media-amazon.com/images/I/41HhGrOxeWL.jpg,Gigabyte EAGLE Radeon RX 6600,248,GPU,57598,Radeon RX 6600 1626 MHz,,
https://cdna.pcpartpicker.com/static/forever/images/product/461e23c2bad57438824e1db691fface3.256p.jpg,MSI SUPRIM X GeForce RTX 3090 Ti,249,GPU,338398,GeForce RTX 3090 Ti 1560 MHz,,
https://m.media-amazon.com/images/I/31i7e8-EdQL.jpg,Zotac GAMING Twin Edge OC GeForce RTX 3060,250,GPU,80998,GeForce RTX 3060 1320 MHz,,
https://cdna.pcpartpicker.com/static/forever/images/product/326881d073c1b667bd348893696c690e.256p.jpg,Samsung 970 Evo Plus,251,Storage,20597,Size:1 TB Type:SSD,,
https://cdna.pcpartpicker.com/static/forever/images/product/c7b5b7dacbecdcdd0e073b761193eef6.256p.jpg,Seagate Barracuda Compute,252,Storage,8998,Size:2 TB Type:7200RPM,,
https://cdna.pcpartpicker.com/static/forever/images/product/13eff9fb98909107806f62c493d3775f.256p.jpg,Samsung 970 Evo Plus,253,Storage,34938,Size:2 TB Type:SSD,,
https://cdna.pcpartpicker.com/static/forever/images/product/3b2a91588d1a28bfa1b0184fb7f1c0a1.256p.jpg,Samsung 980 Pro,254,Storage,46796,Size:2 TB Type:SSD,,
https://cdna.pcpartpicker.com/static/forever/images/product/25a1bf52562913032cce0b7a71b9e323.256p.jpg,Samsung 970 Evo Plus,255,Storage,13676,Size:500 GB Type:SSD,,
https://cdna.pcpartpicker.com/static/forever/images/product/4e02c24a00f7b79a56489db2acbe3a9b.256p.jpg,Samsung 980 Pro,256,Storage,26323,Size:1 TB Type:SSD,,
https://cdna.pcpartpicker.com/static/forever/images/product/73be90b182cdb68fe899775fb8fa56ed.256p.jpg,Western Digital Blue SN550,257,Storage,8998,Size:500 GB Type:SSD,,
https://m.media-amazon.com/images/I/31ITAX-GoIL.jpg,Samsung 870 Evo,258,Storage,18178,Size:1 TB Type:SSD,,
https://m.media-amazon.com/images/I/41V7Idv87eL.jpg,Seagate Barracuda Compute,259,Storage,12236,Size:4 TB Type:5400RPM,,
https://cdna.pcpartpicker.com/static/forever/images/product/da6c2cb6e4d17032dbb3da790499b57f.256p.jpg,Western Digital Blue SN570,260,Storage,16198,Size:1 TB Type:SSD,,
https://cdna.pcpartpicker.com/static/forever/images/product/1533ee97447785234f3c72a4ef452986.256p.jpg,Crucial P2,261,Storage,15298,Size:1 TB Type:SSD,,
https://cdna.pcpartpicker.com/static/forever/images/product/2aff821ed66963cb32fb0c71b093eccc.256p.jpg,Samsung 980,262,Storage,17998,Size:1 TB Type:SSD,,
https://cdna.pcpartpicker.com/static/forever/images/product/daf819b70eccf7fec275bd65e3fe2b6a.256p.jpg,Western Digital Caviar Blue,263,Storage,7284,Size:1 TB Type:7200RPM,,
https://cdna.pcpartpicker.com/static/forever/images/product/50d7356e9199580f1c35e7b8f01232ab.256p.jpg,Crucial P2,264,Storage,8098,Size:500 GB Type:SSD,,
https://cdna.pcpartpicker.com/static/forever/images/product/67ae19fe7847cb5bf67f4448e717e831.256p.jpg,Western Digital Black SN850,265,Storage,25198,Size:1 TB Type:SSD,,
https://cdna.pcpartpicker.com/static/forever/images/product/d54938a88ad375113bb71ada129e2e8c.256p.jpg,Western Digital Black SN850,266,Storage,43198,Size:2 TB Type:SSD,,
https://cdna.pcpartpicker.com/static/forever/images/product/229130faab065e7908c58fd694f78e1a.256p.jpg,Silicon Power A60,267,Storage,12416,Size:1 TB Type:SSD,,
https://cdna.pcpartpicker.com/static/forever/images/product/97e2bd828644767c8a80b71f8cb14743.256p.jpg,Kingston A400,268,Storage,5218,Size:240 GB Type:SSD,,
https://m.media-amazon.com/images/I/41wwwZwF7oL.jpg,Seagate BarraCuda,269,Storage,8019,Size:1 TB Type:7200RPM,,
https://cdna.pcpartpicker.com/static/forever/images/product/78896574dfc1d9ca0e1ecf95b8a0ef2a.256p.jpg,Seagate IronWolf Pro,270,Storage,91798,Size:20 TB Type:7200RPM,,
https://cdna.pcpartpicker.com/static/forever/images/product/ca0b46376f072d2483c385bad50c6310.256p.jpg,Samsung 980,271,Storage,11158,Size:500 GB Type:SSD,,
https://cdna.pcpartpicker.com/static/forever/images/product/567dfd409067c0a10aa67fc3c720c46d.256p.jpg,TEAMGROUP MP33,272,Storage,11518,Size:1 TB Type:SSD,,
https://cdna.pcpartpicker.com/static/forever/images/product/0b9bfd76b0d511a6eff3730d12d5f95c.256p.jpg,Western Digital Blue,273,Storage,8458,Size:2 TB Type:7200RPM,,
https://cdna.pcpartpicker.com/static/forever/images/product/2983fbcd487b315b31855399829b532c.256p.jpg,Crucial MX500,274,Storage,16191,Size:1 TB Type:SSD,,
https://cdna.pcpartpicker.com/static/forever/images/product/820f4e4ac27af85645afeaabc7b82f04.256p.jpg,Western Digital Blue SN570,275,Storage,8998,Size:500 GB Type:SSD,,
https://cdna.pcpartpicker.com/static/forever/images/product/29b838814626cac9b060a2d2c0a293cd.256p.jpg,Samsung 870 QVO,276,Storage,33343,Size:2 TB Type:SSD,,
https://cdna.pcpartpicker.com/static/forever/images/product/567dfd409067c0a10aa67fc3c720c46d.256p.jpg,TEAMGROUP MP33,277,Storage,7198,Size:512 GB Type:SSD,,
https://cdna.pcpartpicker.com/static/forever/images/product/b6d18344cd27c22109c45e54a9c7d86d.256p.jpg,Crucial P2,278,Storage,28794,Size:2 TB Type:SSD,,
https://cdna.pcpartpicker.com/static/forever/images/product/43c2b68eaed9cd66fa6d7d71ee8e2756.256p.jpg,Crucial P5 Plus,279,Storage,23038,Size:1 TB Type:SSD,,
https://cdna.pcpartpicker.com/static/forever/images/product/4b38e34b765a81eddcd84d5450a7f353.256p.jpg,Kingston NV1,280,Storage,7558,Size:500 GB Type:SSD,,
https://cdna.pcpartpicker.com/static/forever/images/product/81d258654f0eb603dc240de6cbca9754.256p.jpg,Samsung 980 Pro,281,Storage,18424,Size:500 GB Type:SSD,,
https://cdna.pcpartpicker.com/static/forever/images/product/29b838814626cac9b060a2d2c0a293cd.256p.jpg,Samsung 870 QVO,282,Storage,122571,Size:8 TB Type:SSD,,
https://cdna.pcpartpicker.com/static/forever/images/product/25a1bf52562913032cce0b7a71b9e323.256p.jpg,Samsung 970 Evo Plus,283,Storage,11404,Size:250 GB Type:SSD,,
https://cdna.pcpartpicker.com/static/forever/images/product/8fcb88c883df1ee3563538df639a08c8.256p.jpg,Western Digital Black SN770,284,Storage,19798,Size:1 TB Type:SSD,,
https://cdna.pcpartpicker.com/static/forever/images/product/2c576ecaedba7428ac231ac4f1e12a4d.256p.jpg,Samsung 870 Evo,285,Storage,10798,Size:500 GB Type:SSD,,
https://cdna.pcpartpicker.com/static/forever/images/product/71463815724e6a04150fed8299be195f.256p.jpg,Western Digital Gold,286,Storage,95398,Size:20 TB Type:7200RPM,,
https://cdna.pcpartpicker.com/static/forever/images/product/08105799a06f56c779261642b857dd7f.256p.jpg,Western Digital Black SN750 SE,287,Storage,17098,Size:1 TB Type:SSD,,
https://cdna.pcpartpicker.com/static/forever/images/product/84d21e519b342daa8e8d2326b7c89e19.256p.jpg,Western Digital Blue,288,Storage,11696,Size:4 TB Type:5400RPM,,
https://cdna.pcpartpicker.com/static/forever/images/product/4b38e34b765a81eddcd84d5450a7f353.256p.jpg,Kingston NV1,289,Storage,15478,Size:1 TB Type:SSD,,
https://cdna.pcpartpicker.com/static/forever/images/product/2c576ecaedba7428ac231ac4f1e12a4d.256p.jpg,Samsung 870 Evo,290,Storage,78076,Size:4 TB Type:SSD,,
https://cdna.pcpartpicker.com/static/forever/images/product/229130faab065e7908c58fd694f78e1a.256p.jpg,Silicon Power P34A60,291,Storage,7018,Size:512 GB Type:SSD,,
https://cdna.pcpartpicker.com/static/forever/images/product/24739d2c05e810fd8c8d6883e6ed10fe.256p.jpg,Crucial MX500,292,Storage,31588,Size:2 TB Type:SSD,,
https://cdna.pcpartpicker.com/static/forever/images/product/01f719cd8e7e03916233fb39a9c5ca26.256p.jpg,Seagate IronWolf Pro,293,Storage,22498,Size:4 TB Type:7200RPM,,
https://cdna.pcpartpicker.com/static/forever/images/product/72ac6b04347d22c2592029d4a49bc5ed.256p.jpg,Intel 660p,294,Storage,15838,Size:1.02 TB Type:SSD,,
https://cdna.pcpartpicker.com/static/forever/images/product/2c576ecaedba7428ac231ac4f1e12a4d.256p.jpg,Samsung 870 Evo,295,Storage,35998,Size:2 TB Type:SSD,,
https://m.media-amazon.com/images/I/41P-zScM92L.jpg,Sabrent Rocket Q,296,Storage,16198,Size:1 TB Type:SSD,,
https://cdna.pcpartpicker.com/static/forever/images/product/0e711f3edb98f9680cc528271201d8d2.256p.jpg,Western Digital Black SN750,297,Storage,19071,Size:1 TB Type:SSD,,
https://cdna.pcpartpicker.com/static/forever/images/product/d9cccb47a1d6da491f3c6e74ad51e80b.256p.jpg,Crucial MX500,298,Storage,10701,Size:500 GB Type:SSD,,
https://cdna.pcpartpicker.com/static/forever/images/product/a3b09866e3716566572bf9a13792cc85.256p.jpg,Western Digital Blue,299,Storage,16198,Size:1 TB Type:SSD,,
https://m.media-amazon.com/images/I/41oIXE84EYL.jpg,Seagate Barracuda Compute,300,Storage,25925,Size:8 TB Type:5400RPM,,
https://cdna.pcpartpicker.com/static/forever/images/product/835ab3efad1be13bbe53beef3e3c6f96.256p.jpg,Corsair Vengeance LPX 16 GB,301,Memory,11338,Frequency:DDR4-3200 Channel:2 x 8GB,,
https://cdna.pcpartpicker.com/static/forever/images/product/87cd8e9d02ffb0997769f4a4d5969669.256p.jpg,Corsair Vengeance RGB Pro 16 GB,302,Memory,14398,Frequency:DDR4-3200 Channel:2 x 8GB,,
https://cdna.pcpartpicker.com/static/forever/images/product/5f09867b54e9ad932b4dd1bc767f6238.256p.jpg,Corsair Vengeance RGB Pro 32 GB,303,Memory,24478,Frequency:DDR4-3600 Channel:2 x 16GB,,
https://cdna.pcpartpicker.com/static/forever/images/product/f97fce0b44ff2447a790b0bffc74f9f3.256p.jpg,G.Skill Ripjaws V 32 GB,304,Memory,19438,Frequency:DDR4-3200 Channel:2 x 16GB,,
https://m.media-amazon.com/images/I/41rBMS0ZfYL.jpg,G.Skill Ripjaws V 16 GB,305,Memory,10438,Frequency:DDR4-3200 Channel:2 x 8GB,,
https://cdna.pcpartpicker.com/static/forever/images/product/11742fd6eec55fde4e3ee3a79529a111.256p.jpg,Corsair Vengeance LPX 32 GB,306,Memory,20698,Frequency:DDR4-3600 Channel:2 x 16GB,,
https://cdna.pcpartpicker.com/static/forever/images/product/58ab1663c77627cbf3effd27df57aa92.256p.jpg,Corsair Vengeance RGB Pro 16 GB,307,Memory,13856,Frequency:DDR4-3200 Channel:2 x 8GB,,
https://cdna.pcpartpicker.com/static/forever/images/product/d19422479fca6e5117bb55db3d25eac2.256p.jpg,G.Skill Trident Z RGB 16 GB,308,Memory,14398,Frequency:DDR4-3600 Channel:2 x 8GB,,
https://cdna.pcpartpicker.com/static/forever/images/product/a462328473351f9140c87f8c1d115ffe.256p.jpg,Corsair Vengeance LPX 16 GB,309,Memory,12598,Frequency:DDR4-3600 Channel:2 x 8GB,,
https://cdna.pcpartpicker.com/static/forever/images/product/62a4ba196f5f165e68619a63ef5d0b70.256p.jpg,Silicon Power SP016GXLZU320BDAJ5 16 GB,310,Memory,8980,Frequency:DDR4-3200 Channel:2 x 8GB,,
https://cdna.pcpartpicker.com/static/forever/images/product/64079d85add71559122ffbd000911056.256p.jpg,Corsair Vengeance RGB Pro SL 32 GB,311,Memory,25198,Frequency:DDR4-3600 Channel:2 x 16GB,,
https://cdna.pcpartpicker.com/static/forever/images/product/96753a64597c28e46bf80ef7064b214b.256p.jpg,TEAMGROUP T-FORCE VULCAN Z 16 GB,312,Memory,9534,Frequency:DDR4-3200 Channel:2 x 8GB,,
https://m.media-amazon.com/images/I/41jJSPS8W7L.jpg,Corsair Vengeance 32 GB,313,Memory,41398,Frequency:DDR5-5600 Channel:2 x 16GB,,
https://cdna.pcpartpicker.com/static/forever/images/product/20348ef9eb7ca86600eefb50c6a56597.256p.jpg,G.Skill Trident Z Neo 32 GB,314,Memory,31498,Frequency:DDR4-3600 Channel:2 x 16GB,,
https://cdna.pcpartpicker.com/static/forever/images/product/a00199d12cb22ee1dc33639a754cca79.256p.jpg,G.Skill Ripjaws V 16 GB,315,Memory,14396,Frequency:DDR4-3600 Channel:2 x 8GB,,
https://cdna.pcpartpicker.com/static/forever/images/product/5468241c2bc267e0ebc4ed037b0d02b6.256p.jpg,G.Skill Trident Z5 RGB 32 GB,316,Memory,71998,Frequency:DDR5-6400 Channel:2 x 16GB,,
https://cdna.pcpartpicker.com/static/forever/images/product/3480c4aef651ddb7b25bd3ac1cab1d31.256p.jpg,Silicon Power XPOWER Turbine 16 GB,317,Memory,8994,Frequency:DDR4-3200 Channel:2 x 8GB,,
https://cdna.pcpartpicker.com/static/forever/images/product/e5e3c1ef6198d9cbf66712ed5a0f45f0.256p.jpg,G.Skill Ripjaws V 16 GB,318,Memory,10798,Frequency:DDR4-3600 Channel:2 x 8GB,,
https://cdna.pcpartpicker.com/static/forever/images/product/ae9c14173c768f2fa9ad4d3c957e94a0.256p.jpg,Corsair Vengeance LPX 32 GB,319,Memory,21238,Frequency:DDR4-3200 Channel:2 x 16GB,,
https://cdna.pcpartpicker.com/static/forever/images/product/2acf8a36c3350a47689e36ee924c80f7.256p.jpg,Corsair Vengeance RGB Pro 16 GB,320,Memory,15118,Frequency:DDR4-3600 Channel:2 x 8GB,,
https://cdna.pcpartpicker.com/static/forever/images/product/aa34b3c28154431c4b8ebd2f90a647e4.256p.jpg,Crucial Ballistix 16 GB,321,Memory,14454,Frequency:DDR4-3200 Channel:2 x 8GB,,
https://cdna.pcpartpicker.com/static/forever/images/product/4108ce94c499008912266b2f019d061b.256p.jpg,Kingston FURY Beast 32 GB,322,Memory,34113,Frequency:DDR5-4800 Channel:2 x 16GB,,
https://cdna.pcpartpicker.com/static/forever/images/product/651e52933a7f98c203f3f1a88ff442cb.256p.jpg,G.Skill Trident Z RGB 32 GB,323,Memory,31498,Frequency:DDR4-3600 Channel:2 x 16GB,,
https://cdna.pcpartpicker.com/static/forever/images/product/4c2ef123fb2d1ef82864c76341f83e53.256p.jpg,Corsair Vengeance RGB Pro 32 GB,324,Memory,28438,Frequency:DDR4-3200 Channel:4 x 8GB,,
https://cdna.pcpartpicker.com/static/forever/images/product/ae9c14173c768f2fa9ad4d3c957e94a0.256p.jpg,Corsair Vengeance LPX 16 GB,325,Memory,11336,Frequency:DDR4-3200 Channel:2 x 8GB,,
https://cdna.pcpartpicker.com/static/forever/images/product/6bd09f5257f27371c8ebf94b3a331452.256p.jpg,G.Skill Ripjaws V 32 GB,326,Memory,25738,Frequency:DDR4-3600 Channel:2 x 16GB,,
https://cdna.pcpartpicker.com/static/forever/images/product/12b105580222aba6ee81efdb1addc00f.256p.jpg,Corsair Dominator Platinum RGB 32 GB,327,Memory,69298,Frequency:DDR5-6200 Channel:2 x 16GB,,
https://cdna.pcpartpicker.com/static/forever/images/product/c55feafbcea07e706822193c6d344a84.256p.jpg,TEAMGROUP T-Create Classic 16 GB,328,Memory,8593,Frequency:DDR4-3200 Channel:2 x 8GB,,
https://cdna.pcpartpicker.com/static/forever/images/product/4c201639021aacf174e4a7cae917dab8.256p.jpg,Corsair Dominator Platinum RGB 64 GB,329,Memory,98998,Frequency:DDR5-5200 Channel:2 x 32GB,,
https://cdna.pcpartpicker.com/static/forever/images/product/9e003e10740c0e04136649de59fa2ab5.256p.jpg,G.Skill Aegis 16 GB,330,Memory,9898,Frequency:DDR4-3200 Channel:2 x 8GB,,
https://cdna.pcpartpicker.com/static/forever/images/product/712c928dba9edee5be3380b33b612b50.256p.jpg,G.Skill Trident Z RGB 64 GB,331,Memory,48598,Frequency:DDR4-3600 Channel:2 x 32GB,,
https://cdna.pcpartpicker.com/static/forever/images/product/4a3188102447720082ab1fc63606662f.256p.jpg,Corsair Vengeance RGB Pro 32 GB,332,Memory,28438,Frequency:DDR4-3200 Channel:4 x 8GB,,
https://cdna.pcpartpicker.com/static/forever/images/product/a57460b491bfa8f2ffbee96d83b0941b.256p.jpg,TEAMGROUP T-Force Delta RGB 16 GB,333,Memory,13676,Frequency:DDR4-3600 Channel:2 x 8GB,,
https://cdna.pcpartpicker.com/static/forever/images/product/e508c7c5a301831579045f9fda179aac.256p.jpg,Corsair Vengeance RGB Pro 32 GB,334,Memory,24658,Frequency:DDR4-3200 Channel:2 x 16GB,,
https://m.media-amazon.com/images/I/41W2Vvt5MoL.jpg,G.Skill Trident Z RGB 16 GB,335,Memory,14036,Frequency:DDR4-3200 Channel:2 x 8GB,,
https://cdna.pcpartpicker.com/static/forever/images/product/ef76582ad70db194abfb960a5e7d6add.256p.jpg,Corsair Vengeance LPX 64 GB,336,Memory,40498,Frequency:DDR4-3200 Channel:2 x 32GB,,
https://cdna.pcpartpicker.com/static/forever/images/product/5f0811018cd80527d23610ce976a39ce.256p.jpg,G.Skill Trident Z Royal 32 GB,337,Memory,27538,Frequency:DDR4-3600 Channel:2 x 16GB,,
https://cdna.pcpartpicker.com/static/forever/images/product/407b6b1ede8e4f885d02f2bcf32ed131.256p.jpg,TEAMGROUP T-Force Delta RGB 16 GB,338,Memory,11698,Frequency:DDR4-3600 Channel:2 x 8GB,,
https://cdna.pcpartpicker.com/static/forever/images/product/e2d6ff067a5e1c2e9e019e811704e195.256p.jpg,Corsair Vengeance RGB Pro 16 GB,339,Memory,15118,Frequency:DDR4-3600 Channel:2 x 8GB,,
https://cdna.pcpartpicker.com/static/forever/images/product/4108ce94c499008912266b2f019d061b.256p.jpg,Kingston FURY Beast 32 GB,340,Memory,33643,Frequency:DDR5-5200 Channel:2 x 16GB,,
https://cdna.pcpartpicker.com/static/forever/images/product/9e003e10740c0e04136649de59fa2ab5.256p.jpg,G.Skill Aegis 32 GB,341,Memory,17458,Frequency:DDR4-3200 Channel:2 x 16GB,,
https://cdna.pcpartpicker.com/static/forever/images/product/18d515b5e9b6de9484ac9eb7901c119c.256p.jpg,Corsair Vengeance RGB RT 32 GB,342,Memory,25738,Frequency:DDR4-3600 Channel:2 x 16GB,,
https://cdna.pcpartpicker.com/static/forever/images/product/dcd11301eb1903a0859237240193174b.256p.jpg,G.Skill Ripjaws V 32 GB,343,Memory,22498,Frequency:DDR4-4000 Channel:2 x 16GB,,
https://cdna.pcpartpicker.com/static/forever/images/product/00963d6b0a92c53e1e3c5c6de47d238f.256p.jpg,G.Skill Trident Z RGB 32 GB,344,Memory,23218,Frequency:DDR4-3200 Channel:2 x 16GB,,
https://cdna.pcpartpicker.com/static/forever/images/product/a6bc524a20044391ce45243b01ea1694.256p.jpg,Corsair Vengeance LPX 16 GB,345,Memory,12598,Frequency:DDR4-3600 Channel:2 x 8GB,,
https://cdna.pcpartpicker.com/static/forever/images/product/44cd07d2aed82a27d4d6119d4f7d93f6.256p.jpg,G.Skill Trident Z5 RGB 64 GB,346,Memory,122398,Frequency:DDR5-6000 Channel:2 x 32GB,,
https://cdna.pcpartpicker.com/static/forever/images/product/d851f1857c811d660d397c40970b77b8.256p.jpg,Corsair Vengeance RGB Pro 64 GB,347,Memory,46798,Frequency:DDR4-3600 Channel:4 x 16GB,,
https://m.media-amazon.com/images/I/315oQw5udhL.jpg,G.Skill Aegis 8 GB,348,Memory,5398,Frequency:DDR4-3000 Channel:1 x 8GB,,
https://cdna.pcpartpicker.com/static/forever/images/product/a881e3433b353661a219670b7aa8fc1d.256p.jpg,ADATA XPG SPECTRIX D60G 16 GB,349,Memory,13856,Frequency:DDR4-3200 Channel:2 x 8GB,,
https://cdna.pcpartpicker.com/static/forever/images/product/4150e725707bc2e66573b16a0a0be45d.256p.jpg,G.Skill Trident Z RGB 32 GB,350,Memory,30598,Frequency:DDR4-4400 Channel:2 x 16GB,,
https://cdna.pcpartpicker.com/static/forever/images/product/8d7d0435e8a2af93b5d91a1a5dccd476.256p.jpg,Asus TUF GAMING X570-PLUS (WI-FI),351,Motherboard,35820,Socket:AM4 Size:ATX Ramslots:4,,
https://cdna.pcpartpicker.com/static/forever/images/product/52ee465cbd64b16145232d863524c066.256p.jpg,MSI MAG B550 TOMAHAWK,352,Motherboard,30598,Socket:AM4 Size:ATX Ramslots:4,,
https://cdna.pcpartpicker.com/static/forever/images/product/662aee2a85bbe3b7e12224e381e57d24.256p.jpg,MSI B550-A PRO,353,Motherboard,24114,Socket:AM4 Size:ATX Ramslots:4,,
https://cdna.pcpartpicker.com/static/forever/images/product/43a0885cf9fef707a7e310b9f37a3ed9.256p.jpg,Asus ROG STRIX B550-F GAMING (WI-FI),354,Motherboard,62368,Socket:AM4 Size:ATX Ramslots:4,,
https://cdna.pcpartpicker.com/static/forever/images/product/5ac88d84f61dd91c0621ac30c4dc5480.256p.jpg,Asus ROG STRIX B550-A GAMING,355,Motherboard,32398,Socket:AM4 Size:ATX Ramslots:4,,
https://m.media-amazon.com/images/I/519+E97-55L.jpg,Asus ROG STRIX Z690-A GAMING WIFI D4,356,Motherboard,60141,Socket:LGA1700 Size:ATX Ramslots:4,,
https://cdna.pcpartpicker.com/static/forever/images/product/0a8a0ca77620c63b68fec6323537d50a.256p.jpg,MSI B450 TOMAHAWK MAX,357,Motherboard,17998,Socket:AM4 Size:ATX Ramslots:4,,
https://cdna.pcpartpicker.com/static/forever/images/product/57b4a5399dc626e9c5786f786aeb94ac.256p.jpg,MSI B550M PRO-VDH WIFI,358,Motherboard,19798,Socket:AM4 Size:Micro ATX Ramslots:4,,
https://cdna.pcpartpicker.com/static/forever/images/product/9a09d966167a7cdc937d39d9bf9edc8b.256p.jpg,Gigabyte B660M DS3H DDR4,359,Motherboard,19798,Socket:LGA1700 Size:Micro ATX Ramslots:4,,
https://cdna.pcpartpicker.com/static/forever/images/product/c8d3a6bdd5dca14503c17ec89c305da8.256p.jpg,Asus PRIME Z690-P WIFI D4,360,Motherboard,40318,Socket:LGA1700 Size:ATX Ramslots:4,,
https://cdna.pcpartpicker.com/static/forever/images/product/d215dc7bf5e833dc31c320292afca224.256p.jpg,MSI MAG Z690 TOMAHAWK WIFI DDR4,361,Motherboard,44998,Socket:LGA1700 Size:ATX Ramslots:4,,
https://cdna.pcpartpicker.com/static/forever/images/product/0f27bb84f57d51a9cb2b0c91d25efb0f.256p.jpg,Asus ROG STRIX B450-F GAMING II,362,Motherboard,24030,Socket:AM4 Size:ATX Ramslots:4,,
https://cdna.pcpartpicker.com/static/forever/images/product/920123df323bf6d2b80994b4f4bb6f4b.256p.jpg,Gigabyte X570 AORUS ELITE WIFI,363,Motherboard,23398,Socket:AM4 Size:ATX Ramslots:4,,
https://cdna.pcpartpicker.com/static/forever/images/product/b06ca9093d1f20b4e906679885734eba.256p.jpg,MSI MAG B660M MORTAR WIFI DDR4,364,Motherboard,28798,Socket:LGA1700 Size:Micro ATX Ramslots:4,,
https://cdna.pcpartpicker.com/static/forever/images/product/950dd885063b91719cea31608309066f.256p.jpg,MSI MAG X570 TOMAHAWK WIFI,365,Motherboard,59898,Socket:AM4 Size:ATX Ramslots:4,,
https://cdna.pcpartpicker.com/static/forever/images/product/176028811e50cad67b57ed0e604229c9.256p.jpg,Gigabyte B450M DS3H,366,Motherboard,12236,Socket:AM4 Size:Micro ATX Ramslots:4,,
https://cdna.pcpartpicker.com/static/forever/images/product/2fc4e6cbd108d11defb86e2298e675b8.256p.jpg,MSI PRO Z690-A DDR4,367,Motherboard,35098,Socket:LGA1700 Size:ATX Ramslots:4,,
https://cdna.pcpartpicker.com/static/forever/images/product/2cbf78674d429ad783054d4572709dd4.256p.jpg,MSI MPG B550 GAMING PLUS,368,Motherboard,28798,Socket:AM4 Size:ATX Ramslots:4,,
https://m.media-amazon.com/images/I/51K+5rNV20L.jpg,Asus PRIME B560M-A,369,Motherboard,19798,Socket:LGA1200 Size:Micro ATX Ramslots:4,,
https://m.media-amazon.com/images/I/415gDmtLY0L.jpg,Asus ROG STRIX Z690-E GAMING WIFI,370,Motherboard,77398,Socket:LGA1700 Size:ATX Ramslots:4,,
https://cdna.pcpartpicker.com/static/forever/images/product/2fab0cd72166896f8652fe39a7be1984.256p.jpg,Asus ROG STRIX B550-F GAMING,371,Motherboard,32218,Socket:AM4 Size:ATX Ramslots:4,,
https://cdna.pcpartpicker.com/static/forever/images/product/91e3b7d48688c9370598eeec8d1b4711.256p.jpg,Gigabyte B450 AORUS PRO WIFI (rev. 1.0),372,Motherboard,21598,Socket:AM4 Size:ATX Ramslots:4,,
https://cdna.pcpartpicker.com/static/forever/images/product/0deb2420299098824fb58d364339023b.256p.jpg,Gigabyte B560M DS3H AC,373,Motherboard,10798,Socket:LGA1200 Size:Micro ATX Ramslots:4,,
https://cdna.pcpartpicker.com/static/forever/images/product/e63a3a4436b6dfd5254125d5576357b6.256p.jpg,MSI MPG Z490 GAMING PLUS,374,Motherboard,25198,Socket:LGA1200 Size:ATX Ramslots:4,,
https://cdna.pcpartpicker.com/static/forever/images/product/e1677ccd8b20b24c91fd17885a1b8b8a.256p.jpg,MSI MPG B550 GAMING EDGE WIFI,375,Motherboard,34198,Socket:AM4 Size:ATX Ramslots:4,,
https://cdna.pcpartpicker.com/static/forever/images/product/cfd365831befdd481872962fb2c0d799.256p.jpg,MSI PRO B660M-A DDR4,376,Motherboard,25198,Socket:LGA1700 Size:Micro ATX Ramslots:4,,
https://cdna.pcpartpicker.com/static/forever/images/product/62befea3ebf04f78b865687fab11c7b1.256p.jpg,MSI MAG B660 TOMAHAWK WIFI DDR4,377,Motherboard,34198,Socket:LGA1700 Size:ATX Ramslots:4,,
https://cdna.pcpartpicker.com/static/forever/images/product/2df814ba2689b57e85f7f46b634f073e.256p.jpg,Asus ROG Crosshair VIII Dark Hero,378,Motherboard,80998,Socket:AM4 Size:ATX Ramslots:4,,
https://cdna.pcpartpicker.com/static/forever/images/product/5f39595e6f270ae24f1c00748cdde442.256p.jpg,Gigabyte B660 GAMING X AX DDR4,379,Motherboard,30598,Socket:LGA1700 Size:ATX Ramslots:4,,
https://cdna.pcpartpicker.com/static/forever/images/product/058251891239458bb3791fd3d3d36876.256p.jpg,Asus ROG STRIX B660-I GAMING WIFI,380,Motherboard,39598,Socket:LGA1700 Size:Mini ITX Ramslots:2,,
https://cdna.pcpartpicker.com/static/forever/images/product/8e75b0858ab998bd0664f5fb1912c9a0.256p.jpg,Asus ROG Strix X570-I Gaming,381,Motherboard,46620,Socket:AM4 Size:Mini ITX Ramslots:2,,
https://cdna.pcpartpicker.com/static/forever/images/product/6792f9e45d7b69159731f4cd4313496a.256p.jpg,Gigabyte B550I AORUS PRO AX,382,Motherboard,34198,Socket:AM4 Size:Mini ITX Ramslots:2,,
https://cdna.pcpartpicker.com/static/forever/images/product/9c582991edb4ccf7cdaaab81543bf668.256p.jpg,ASRock B550 Pro4,383,Motherboard,20698,Socket:AM4 Size:ATX Ramslots:4,,
https://cdna.pcpartpicker.com/static/forever/images/product/cdf933968ed120030fb424c75188d6b7.256p.jpg,Gigabyte B550M DS3H,384,Motherboard,19798,Socket:AM4 Size:Micro ATX Ramslots:4,,
https://cdna.pcpartpicker.com/static/forever/images/product/1a155076718d51342d45b49f293ee0db.256p.jpg,Asus ROG MAXIMUS Z690 HERO,385,Motherboard,89998,Socket:LGA1700 Size:ATX Ramslots:4,,
https://cdna.pcpartpicker.com/static/forever/images/product/b22b15a301bbfba8670a17c926e8669f.256p.jpg,Gigabyte B550M AORUS PRO-P,386,Motherboard,23398,Socket:AM4 Size:Micro ATX Ramslots:4,,
https://cdna.pcpartpicker.com/static/forever/images/product/76fc8bab81e216b0d4a2bcf9a157a0ab.256p.jpg,Asus ROG STRIX X570-E GAMING WIFI II,387,Motherboard,70198,Socket:AM4 Size:ATX Ramslots:4,,
https://cdna.pcpartpicker.com/static/forever/images/product/5908ccb20bcf4d4f03ba62b82cbadc27.256p.jpg,NZXT N7 B550,388,Motherboard,44998,Socket:AM4 Size:ATX Ramslots:4,,
https://cdna.pcpartpicker.com/static/forever/images/product/9c229eef9d9724da36a40412ab564c17.256p.jpg,Gigabyte B450 AORUS M,389,Motherboard,14396,Socket:AM4 Size:Micro ATX Ramslots:4,,
https://cdna.pcpartpicker.com/static/forever/images/product/20b2f4cc60ded2ad4529beae7b0dda14.256p.jpg,MSI Z490-A PRO,390,Motherboard,23398,Socket:LGA1200 Size:ATX Ramslots:4,,
https://cdna.pcpartpicker.com/static/forever/images/product/5dd842664e7633f330f43db654431014.256p.jpg,Asus PRIME B660-PLUS D4,391,Motherboard,25198,Socket:LGA1700 Size:ATX Ramslots:4,,
https://cdna.pcpartpicker.com/static/forever/images/product/001b11e828cffd833e978f7a0d9cf4d1.256p.jpg,Gigabyte B550 AORUS ELITE AX V2,392,Motherboard,30598,Socket:AM4 Size:ATX Ramslots:4,,
https://cdna.pcpartpicker.com/static/forever/images/product/9a893a5445108a083b1727bcd344b9c1.256p.jpg,MSI PRO Z690-A WIFI DDR4,393,Motherboard,39598,Socket:LGA1700 Size:ATX Ramslots:4,,
https://cdna.pcpartpicker.com/static/forever/images/product/08c85837e3736c855a86c6bbbe7fd31c.256p.jpg,Asus ROG STRIX B550-I GAMING,394,Motherboard,38700,Socket:AM4 Size:Mini ITX Ramslots:2,,
https://cdna.pcpartpicker.com/static/forever/images/product/2effb4f06a5ebded337afc05a0a164bf.256p.jpg,Asus ROG STRIX B660-A GAMING WIFI D4,395,Motherboard,41398,Socket:LGA1700 Size:ATX Ramslots:4,,
https://m.media-amazon.com/images/I/41ldl2LwegL.jpg,Asus TUF GAMING Z690-PLUS WIFI D4,396,Motherboard,47160,Socket:LGA1700 Size:ATX Ramslots:4,,
https://cdna.pcpartpicker.com/static/forever/images/product/194e14cf897c9728b8a9e85d0bd85a1b.256p.jpg,MSI MPG Z490 GAMING EDGE WIFI,397,Motherboard,25687,Socket:LGA1200 Size:ATX Ramslots:4,,
https://cdna.pcpartpicker.com/static/forever/images/product/3cbf74a6886df1b73c6db3935b1b24e1.256p.jpg,MSI PRO B660M-A WIFI DDR4,398,Motherboard,26998,Socket:LGA1700 Size:Micro ATX Ramslots:4,,
https://cdna.pcpartpicker.com/static/forever/images/product/6e4656d43e54f252067aa25aff85f5e2.256p.jpg,MSI MPG Z690 EDGE WIFI DDR4,399,Motherboard,50398,Socket:LGA1700 Size:ATX Ramslots:4,,
https://cdna.pcpartpicker.com/static/forever/images/product/f1398e1d4522992aeed28eb9f6385679.256p.jpg,MSI A320M-A PRO,400,Motherboard,10798,Socket:AM4 Size:Micro ATX Ramslots:2,,
